[{"FacilityCode":"32000","FacilityDescE":"DEVELOPMENT NODE FACILITY","FacilityDescF":"DEVELOPMENT FACILITY FRENCH","LocationCode":"00016","LocationDescE":"FEDERAL TRAINING CENTRE(MULTI)","LocationDescF":"CENTRE FÉDÉRAL DE FORM (MULTI)"},{"FacilityCode":"32100","FacilityDescE":"DONNACONA INSTITUTION","FacilityDescF":"TABL. DONNACONA","LocationCode":"00017","LocationDescE":"DONNACONA INSTITUTION","LocationDescF":"ÉTABL. DONNACONA"},{"FacilityCode":"32500","FacilityDescE":"JOLIETTE INSTITUTION","FacilityDescF":"ÉTABL. JOLIETTE","LocationCode":"00018","LocationDescE":"JOLIETTE INSTITUTION","LocationDescF":"ÉTABL. JOLIETTE"},{"FacilityCode":"33000","FacilityDescE":"DEVELOPMENT2 NODE FACILITY","FacilityDescF":"DEVELOPMENT2 FACILITY FRENCH","LocationCode":"00019","LocationDescE":"(CLOSED) LECLERC INSTITUTION","LocationDescF":"(FERMÉ) ÉTABL. LECLERC"},{"FacilityCode":"34100","FacilityDescE":"ARCHAMBAULT INSTITUTION","FacilityDescF":"ÉTABL. ARCHAMBAULT","LocationCode":"00020","LocationDescE":"ARCHAMBAULT INSTITUTION (MED)","LocationDescF":"ÉTAB ARCHAMBAULT (MÉD)"},{"FacilityCode":"34100","FacilityDescE":"ARCHAMBAULT INSTITUTION","FacilityDescF":"ÉTABL. ARCHAMBAULT","LocationCode":"00021","LocationDescE":"ARCHAMBAULT INSTITUTION (MIN)","LocationDescF":"ÉTAB ARCHAMBAULT (MIN)"},{"FacilityCode":"34300","FacilityDescE":"REGIONAL RECEPTION CTRE-QUEBEC","FacilityDescF":"CENTRE RÉGIONAL RÉCEPTION-QUÉ","LocationCode":"00022","LocationDescE":"REGIONAL RECEPTION CTRE-QUEBEC","LocationDescF":"CENTRE RÉGIONAL RÉCEPTION-QUÉ"},{"FacilityCode":"34400","FacilityDescE":"RRC (SHU) QUEBEC","FacilityDescF":"CRR (USD) QUÉBEC","LocationCode":"00023","LocationDescE":"RRC (SHU) QUEBEC","LocationDescF":"CRR (USD) QUÉBEC"},{"FacilityCode":"34500","FacilityDescE":"DRUMMOND INSTITUTION","FacilityDescF":"ÉTABL. DRUMMOND","LocationCode":"00024","LocationDescE":"DRUMMOND INSTITUTION","LocationDescF":"ÉTABL. DRUMMOND"},{"FacilityCode":"35000","FacilityDescE":"COWANSVILLE INSTITUTION","FacilityDescF":"TABL. COWANSVILLE","LocationCode":"00025","LocationDescE":"COWANSVILLE INSTITUTION","LocationDescF":"ÉTABL. COWANSVILLE"},{"FacilityCode":"35200","FacilityDescE":"LA MACAZA INSTITUTION","FacilityDescF":"ÉTABL. LA MACAZA","LocationCode":"00026","LocationDescE":"LA MACAZA INSTITUTION","LocationDescF":"ÉTABL. LA MACAZA"},{"FacilityCode":"36800","FacilityDescE":"PORT CARTIER INSTITUTION","FacilityDescF":"TABL. PORT-CARTIER","LocationCode":"00028","LocationDescE":"PORT CARTIER INSTITUTION","LocationDescF":"ÉTABL. PORT-CARTIER"},{"FacilityCode":"41500","FacilityDescE":"REG. TREATMENT CENTRE - ONT","FacilityDescF":"CTRE DE TRAITEMENTS REG. - ONT","LocationCode":"00031","LocationDescE":"(CLOSED) REG.TREAT.CENTRE-ONT","LocationDescF":"(FERMÉ) CTREDE TRAIT.RÉG.-ONT"},{"FacilityCode":"41600","FacilityDescE":"KINGSTON PENITENTIARY","FacilityDescF":"ETABL. KINGSTON","LocationCode":"00032","LocationDescE":"(CLOSED) KINGSTON PENITENTIARY","LocationDescF":"(FERMÉ) ÉTABL. KINGSTON"},{"FacilityCode":"41700","FacilityDescE":"KINGSTON PEN TD UNIT","FacilityDescF":"KINGSTON UNITE DE POST SUSP.","LocationCode":"00033","LocationDescE":"(CLOSED) KINGSTON PEN TD UNIT","LocationDescF":"KINGSTON UNITÉ DE POST SUSP."},{"FacilityCode":"42000","FacilityDescE":"MILLHAVEN ASSESSMENT UNIT","FacilityDescF":"MILLHAVEN UNITE TRANSFERT","LocationCode":"00034","LocationDescE":"MILLHAVEN ASSESSMENT UNIT","LocationDescF":"MILLHAVEN UNITÉ TRANSFERT"},{"FacilityCode":"42100","FacilityDescE":"MILLHAVEN INSTITUTION","FacilityDescF":"ETABL. MILLHAVEN","LocationCode":"00035","LocationDescE":"MILLHAVEN INSTITUTION","LocationDescF":"ÉTABL. MILLHAVEN"},{"FacilityCode":"44300","FacilityDescE":"BEAVER CREEK INSTITUTION","FacilityDescF":"ETABL. BEAVER CREEK","LocationCode":"00036","LocationDescE":"BEAVER CREEK INSTITUTION (MIN)","LocationDescF":"ÉTAB DE BEAVER CREEK (MIN.)"},{"FacilityCode":"42300","FacilityDescE":"BATH INSTITUTION","FacilityDescF":"ETABL. BATH","LocationCode":"00037","LocationDescE":"BATH INSTITUTION","LocationDescF":"ÉTABL. BATH"},{"FacilityCode":"43000","FacilityDescE":"PRISON FOR WOMEN","FacilityDescF":"PRISON DES FEMMES","LocationCode":"00040","LocationDescE":"(CLOSED) PRISON FOR WOMEN","LocationDescF":"(FERMÉ) PRISON DES FEMMES"},{"FacilityCode":"43100","FacilityDescE":"PRISON FOR WOMEN MIN SECURITY","FacilityDescF":"PRISON DES FEMMES SEC. MIN.","LocationCode":"00041","LocationDescE":"(CLOSED) ISABEL MCNEILL HOUSE","LocationDescF":"(FERMÉ) ISABEL MCNEILL HOUSE"},{"FacilityCode":"44000","FacilityDescE":"COLLINS BAY INSTITUTION","FacilityDescF":"ETABL. COLLINS BAY","LocationCode":"00045","LocationDescE":"COLLINS BAY INSTITUTION (MED)","LocationDescF":"ÉTAB COLLINS BAY (MÉD)"},{"FacilityCode":"44000","FacilityDescE":"COLLINS BAY INSTITUTION","FacilityDescF":"ETABL. COLLINS BAY","LocationCode":"00046","LocationDescE":"COLLINS BAY INSTITUTION (MAX)","LocationDescF":"ÉTAB COLLINS BAY (MAX)"},{"FacilityCode":"44000","FacilityDescE":"COLLINS BAY INSTITUTION","FacilityDescF":"ETABL. COLLINS BAY","LocationCode":"00047","LocationDescE":"COLLINS BAY INSTITUTION (MIN)","LocationDescF":"ÉTAB COLLINS BAY (MIN)"},{"FacilityCode":"44300","FacilityDescE":"BEAVER CREEK INSTITUTION","FacilityDescF":"ETABL. BEAVER CREEK","LocationCode":"00049","LocationDescE":"BEAVER CREEK INSTITUTION (MED)","LocationDescF":"ÉTAB DE BEAVER CREEK (MÉD.)"},{"FacilityCode":"45000","FacilityDescE":"JOYCEVILLE INSTITUTION","FacilityDescF":"ETABL. JOYCEVILLE","LocationCode":"00050","LocationDescE":"JOYCEVILLE INSTITUTION (MED)","LocationDescF":"ÉTAB DE JOYCEVILLE (MÉD.)"},{"FacilityCode":"45000","FacilityDescE":"JOYCEVILLE INSTITUTION","FacilityDescF":"ETABL. JOYCEVILLE","LocationCode":"00051","LocationDescE":"JOYCEVILLE INSTITUTION (MIN)","LocationDescF":"ÉTAB DE JOYCEVILLE (MIN.)"},{"FacilityCode":"46000","FacilityDescE":"WARKWORTH INSTITUTION","FacilityDescF":"ETABL. WARKWORTH","LocationCode":"00055","LocationDescE":"WARKWORTH INSTITUTION","LocationDescF":"ÉTABL. WARKWORTH"},{"FacilityCode":"46500","FacilityDescE":"GRAND VALLEY INST FOR WOMEN","FacilityDescF":"GRAND VALLEY INST FOR WOMEN","LocationCode":"00057","LocationDescE":"GRAND VALLEY INST FOR WOMEN","LocationDescF":"ÉTAB. POUR FEMMES GRAND VALLEY"},{"FacilityCode":"50400","FacilityDescE":"REG. PSYCHIATRIC CENTRE - PRA","FacilityDescF":"CTRE PSYCHIATRIQUE REG. - PRA","LocationCode":"00058","LocationDescE":"REG. PSYCHIATRIC CENTRE - PRA","LocationDescF":"CTRE PSYCHIATRIQUE RÉG. - PRA"},{"FacilityCode":"51000","FacilityDescE":"STONY MOUNTAIN","FacilityDescF":"ETABL. STONY MOUNTAIN","LocationCode":"00059","LocationDescE":"STONY MOUNTAIN (MED)","LocationDescF":"ÉTAB DE STONY MOUNTAIN (MÉD.)"},{"FacilityCode":"51000","FacilityDescE":"STONY MOUNTAIN","FacilityDescF":"ETABL. STONY MOUNTAIN","LocationCode":"00060","LocationDescE":"STONY MOUNTAIN (MIN)","LocationDescF":"ÉTAB DE STONY MOUNTAIN (MIN.)"},{"FacilityCode":"51000","FacilityDescE":"STONY MOUNTAIN","FacilityDescF":"ETABL. STONY MOUNTAIN","LocationCode":"00061","LocationDescE":"STONY MOUNTAIN (MAX)","LocationDescF":"ÉTAB DE STONY MOUNTAIN (MAX.)"},{"FacilityCode":"52000","FacilityDescE":"SASKATCHEWAN PENITENTIARY","FacilityDescF":"ETABL. SASKATCHEWAN","LocationCode":"00062","LocationDescE":"SASKATCHEWAN PEN (MED)","LocationDescF":"PÉNITENCIER SASKATCHEWAN (MÉD)"},{"FacilityCode":"52000","FacilityDescE":"SASKATCHEWAN PENITENTIARY","FacilityDescF":"ETABL. SASKATCHEWAN","LocationCode":"00063","LocationDescE":"SASKATCHEWAN PEN (MIN)","LocationDescF":"PÉNITENCIER SASKATCHEWAN (MIN)"},{"FacilityCode":"52000","FacilityDescE":"SASKATCHEWAN PENITENTIARY","FacilityDescF":"ETABL. SASKATCHEWAN","LocationCode":"00065","LocationDescE":"SASKATCHEWAN PEN (MAX)","LocationDescF":"PÉNITENCIER SASKATCHEWAN (MAX)"},{"FacilityCode":"52300","FacilityDescE":"OKIMAW OHCI HEALING LODGE","FacilityDescF":"OKIMAW OHCI HEALING LODGE","LocationCode":"00066","LocationDescE":"OKIMAW OHCI HEALING LODGE","LocationDescF":"OKIMAW OHCI HEALING LODGE"},{"FacilityCode":"52400","FacilityDescE":"WILLOW CREE HEALING LODGE","FacilityDescF":"WILLOW CREE HEALING LODGE","LocationCode":"00067","LocationDescE":"WILLOW CREE HEALING LODGE","LocationDescF":"PAV RESSOURCEMENT WILLOW CREE"},{"FacilityCode":"53000","FacilityDescE":"DRUMHELLER INSTITUTION","FacilityDescF":"ETABL. DRUMHELLER","LocationCode":"00068","LocationDescE":"DRUMHELLER INSTITUTION (MED)","LocationDescF":"ÉTABLISSEMENT DRUMHELLER (MÉD)"},{"FacilityCode":"53000","FacilityDescE":"DRUMHELLER INSTITUTION","FacilityDescF":"ETABL. DRUMHELLER","LocationCode":"00069","LocationDescE":"DRUMHELLER INSTITUTION (MIN)","LocationDescF":"ÉTABLISSEMENT DRUMHELLER (MIN)"},{"FacilityCode":"53200","FacilityDescE":"GRANDE CACHE INSTITUTION","FacilityDescF":"GRANDE CACHE INSTITUTION","LocationCode":"00070","LocationDescE":"GRANDE CACHE INSTITUTION","LocationDescF":"ÉTABL. GRANDE CACHE"},{"FacilityCode":"53501","FacilityDescE":"PE SAKASTEW CENTRE","FacilityDescF":"PE SAKASTEW CENTRE","LocationCode":"00071","LocationDescE":"PÊ SÂKÂSTÊW CENTRE","LocationDescF":"CENTRE PÊ SÂKÂSTÊW"},{"FacilityCode":"53700","FacilityDescE":"BOWDEN INSTITUTION","FacilityDescF":"ETABL. BOWDEN","LocationCode":"00072","LocationDescE":"BOWDEN INSTITUTION (MED)","LocationDescF":"ÉTABLISSEMENT BOWDEN (MÉD)"},{"FacilityCode":"53700","FacilityDescE":"BOWDEN INSTITUTION","FacilityDescF":"ETABL. BOWDEN","LocationCode":"00073","LocationDescE":"BOWDEN INSTITUTION (MIN)","LocationDescF":"ÉTABLISSEMENT BOWDEN (MIN)"},{"FacilityCode":"53800","FacilityDescE":"EDMONTON INSTITUTION FOR WOMEN","FacilityDescF":"EDMONTON INSTITUTION FOR WOMEN","LocationCode":"00074","LocationDescE":"EDMONTON INSTITUTION FOR WOMEN","LocationDescF":"ÉTAB. EDMONTON POUR FEMMES"},{"FacilityCode":"53900","FacilityDescE":"EDMONTON INSTITUTION","FacilityDescF":"ETABL. EDMONTON","LocationCode":"00075","LocationDescE":"EDMONTON INSTITUTION","LocationDescF":"ÉTABL. EDMONTON"},{"FacilityCode":"54000","FacilityDescE":"GRIERSON INSTITUTION","FacilityDescF":"GRIERSON INSTITUTION","LocationCode":"00076","LocationDescE":"GRIERSON INSTITUTION","LocationDescF":"CENTRE GRIERSON"},{"FacilityCode":"82000","FacilityDescE":"WILLIAM HEAD INSTITUTION","FacilityDescF":"ETABL. WILLIAM HEAD","LocationCode":"00078","LocationDescE":"WILLIAM HEAD INSTITUTION","LocationDescF":"ÉTABLISSEMENT WILLIAM HEAD"},{"FacilityCode":"83100","FacilityDescE":"MATSQUI INSTITUTION","FacilityDescF":"ETABL. MATSQUI","LocationCode":"00079","LocationDescE":"MATSQUI INSTITUTION","LocationDescF":"ÉTABLISSEMENT MATSQUI"},{"FacilityCode":"83300","FacilityDescE":"MOUNTAIN INSTITUTION","FacilityDescF":"ETABL. MOUNTAIN","LocationCode":"00081","LocationDescE":"MOUNTAIN INSTITUTION","LocationDescF":"ÉTABLISSEMENT MOUNTAIN"},{"FacilityCode":"83600","FacilityDescE":"KENT INSTITUTION","FacilityDescF":"ETABL. KENT","LocationCode":"00083","LocationDescE":"KENT INSTITUTION","LocationDescF":"ÉTABLISSEMENT KENT"},{"FacilityCode":"84700","FacilityDescE":"ELBOW LAKE INSTITUTION","FacilityDescF":"ETABL. ELBOW LAKE","LocationCode":"00085","LocationDescE":"KWÌKWÈXWELHP","LocationDescF":"VILLAGE DE RESSOURCEMENT KWÌKW"},{"FacilityCode":"84900","FacilityDescE":"MISSION INSTITUTION","FacilityDescF":"ETABL. MISSION","LocationCode":"00086","LocationDescE":"MISSION INSTITUTION (MIN)","LocationDescF":"ÉTABLISSEMENT MISSION (MIN)"},{"FacilityCode":"84900","FacilityDescE":"MISSION INSTITUTION","FacilityDescF":"ETABL. MISSION","LocationCode":"00087","LocationDescE":"MISSION INSTITUTION (MED)","LocationDescF":"ÉTABLISSEMENT MISSION (MÉD)"},{"FacilityCode":"85000","FacilityDescE":"FRASER VALLEY INSTITUTION","FacilityDescF":"FRASER VALLEY INSTITUTION","LocationCode":"00088","LocationDescE":"FRASER VALLEY INSTITUTION","LocationDescF":"ÉTABLISSEMENT DE LA VALLÉE DU"},{"FacilityCode":"86000","FacilityDescE":"PACIFIC INSTITUTION","FacilityDescF":"PACIFIC INSTITUTION","LocationCode":"00089","LocationDescE":"PACIFIC INSTITUTION","LocationDescF":"ÉTABLISSEMENT PACIFIC"},{"FacilityCode":"89900","FacilityDescE":"REG. RECEPTION ASSESSMENT CTR.","FacilityDescF":"CENTRE REGIONAL RECEPTION - CB","LocationCode":"00090","LocationDescE":"REG. RECEPTION ASSESSMENT CTR.","LocationDescF":"CENTRE REGIONAL RECEPTION - CB"},{"FacilityCode":"21000","FacilityDescE":"SPRINGHILL INSTITUTION","FacilityDescF":"SPRINGHILL INSTITUTION","LocationCode":"00001","LocationDescE":"SPRINGHILL INSTITUTION","LocationDescF":"SPRINGHILL INSTITUTION"},{"FacilityCode":"21010","FacilityDescE":"SPRINGHILL RECEPTION","FacilityDescF":"RECEPTION SPRINGHILL","LocationCode":"00002","LocationDescE":"SPRINGHILL RECEPTION","LocationDescF":"RÉCEPTION SPRINGHILL"},{"FacilityCode":"22000","FacilityDescE":"DORCHESTER PENITENTIARY","FacilityDescF":"ETABL. DORCHESTER","LocationCode":"00006","LocationDescE":"DORCHESTER PENITENTIARY (MED)","LocationDescF":"PÉNITENCIER DORCHESTER (MÉD)"},{"FacilityCode":"22010","FacilityDescE":"DORCHESTER TREATMENT CENTER","FacilityDescF":"CENTRE TREATMENT DORCHESTER","LocationCode":"00007","LocationDescE":"DORCHESTER RTC (INACTIVE)","LocationDescF":"CTR DORCHESTER (INACTIF)"},{"FacilityCode":"22000","FacilityDescE":"DORCHESTER PENITENTIARY","FacilityDescF":"ETABL. DORCHESTER","LocationCode":"00008","LocationDescE":"DORCHESTER PENITENTIARY (MIN)","LocationDescF":"PÉNITENCIER DORCHESTER (MIN)"},{"FacilityCode":"22500","FacilityDescE":"SHEPODY HEALING CENTRE","FacilityDescF":"CTRE DE RÉTABLISSEMENT SHEPODY","LocationCode":"00009","LocationDescE":"SHEPODY HEALING CENTRE","LocationDescF":"CTRE DE RÉTABLISSEMENT SHEPODY"},{"FacilityCode":"23100","FacilityDescE":"ATLANTIC (RENOUS) INSTITUTION","FacilityDescF":"ETABL. ATLANTIC(RENOUS)","LocationCode":"00010","LocationDescE":"ATLANTIC INSTITUTION","LocationDescF":"ÉTAB. ATLANTIQUE"},{"FacilityCode":"25000","FacilityDescE":"NOVA INSTITUTION FOR WOMEN","FacilityDescF":"ETAB. NOVA POUR FEMMES","LocationCode":"00011","LocationDescE":"NOVA INSTITUTION FOR WOMEN","LocationDescF":"ÉTAB. NOVA POUR FEMMES"},{"FacilityCode":"32000","FacilityDescE":"DEVELOPMENT NODE FACILITY","FacilityDescF":"DEVELOPMENT FACILITY FRENCH","LocationCode":"00013","LocationDescE":"FEDERAL TRAINING CENTRE (MIN)","LocationDescF":"CENTRE FÉDÉRAL DE FORM (MIN)"}]